"n_weeks","weekly_CO_mean","weekly_NO2_mean","weekly_O3_mean","weekly_SO2_mean"
1,0.774157571428571,0.0153357142857143,20.7981291428571,7.50119442857143
2,0.802976857142857,0.0152801428571429,17.205071,5.53232064285714
3,0.840115,0.0179177142857143,18.1035714285714,6.40327378571429
4,0.7033035,0.0162928571428571,15.4154761428571,5.89988021428571
5,0.879294285714286,0.023414,20.4185374285714,2.65286028571429
6,1.08123285714286,0.0214282857142857,31.5638051428571,4.15267471428571
7,0.581655785714286,0.019089,17.7066327142857,2.66111235714286
8,0.486120214285714,0.0260004285714286,17.059864,3.06790735714286
9,0.560635785714286,0.023057,17.8741497142857,3.06886592857143
10,0.707383785714286,0.02385,18.7267007142857,2.91998678571429
11,0.822580571428571,0.0234201428571429,17.442262,1.56893171428571
12,0.979201785714286,0.0244341428571429,22.1144558571429,3.33705164285714
13,0.580393285714286,0.0240495714285714,18.0571428571429,3.660266
14,0.568049071428571,0.0191391428571429,17.572449,2.135119
15,0.6101745,0.0196488571428571,17.3198981428571,4.57015307142857
16,0.676185285714286,0.0278564285714286,15.4258504285714,2.44483692857143
17,0.7125745,0.034932,15.7082708571429,3.53462585714286
18,0.897718214285714,0.0308051428571429,19.2833334285714,3.46020421428571
19,0.692737357142857,0.0155978571428571,12.334632,1.42347885714286
20,0.560059071428571,0.0345315714285714,16.78842,2.61147964285714
21,0.558892642857143,0.0170084285714286,10.6482992857143,1.21711614285714
22,0.656714,0.0315931428571429,12.5862468571429,2.46101185714286
23,0.705948214285714,0.0268057142857143,12.835606,2.82914728571429
24,0.813816071428571,0.0221258571428571,15.5488095714286,2.61267007142857
25,0.920337,0.0103177142857143,14.0381724285714,1.27930021428571
26,0.839060428571429,0.0202961428571429,15.6079931428571,1.26863021428571
27,0.701305071428571,0.033333,17.3181972857143,3.72483378571429
28,0.527334,0.0304181428571429,13.5465985714286,1.95499385714286
29,0.697792142857143,0.0424317142857143,10.7489114285714,1.79851342857143
30,1.067746,0.0425451428571429,18.4005874285714,2.27704257142857
31,0.314977642857143,0.0246608571428571,13.16539,1.11434028571429
32,0.413412142857143,0.0306914285714286,13.4952071428571,1.92985221428571
33,0.584087142857143,0.0361614285714286,16.5040971428571,3.72242192857143
34,0.698152428571429,0.037407,19.532854,3.42501242857143
35,0.712538571428571,0.0422171428571429,17.3860544285714,4.36166121428571
36,0.766049571428571,0.0370058571428571,11.8722171428571,4.73464221428571
37,0.865155428571429,0.0177607142857143,17.0575912857143,4.418106
38,0.887713928571429,0.0247308571428571,15.9564008571429,4.19472785714286
39,0.808677357142857,0.0228125714285714,13.0665584285714,4.21789892857143
40,0.914069357142857,0.021245,15.3618197142857,3.06517864285714
41,0.708901571428571,0.0223485714285714,19.2930581428571,3.14483621428571
42,0.723734857142857,0.0288235714285714,24.7097247142857,7.06327328571429
43,0.889214928571429,0.0308952857142857,22.0935375714286,3.09257928571429
44,1.04848921428571,0.027995,28.4586167142857,3.55787128571429
45,0.924362357142857,0.0156722857142857,14.0603744285714,1.58035707142857
46,0.763505642857143,0.0116872857142857,16.5574592857143,4.5126855
47,1.00845571428571,0.0149571428571429,17.2310605714286,1.86039757142857
48,1.18087378571429,0.0101728571428571,27.2823128571429,3.2914795
49,0.565034714285714,0.00757528571428571,21.7759122857143,10.2001817857143
50,0.614231285714286,0.010039,20.3093,7.65394742857143
51,0.9936225,0.0141548571428571,17.6453308571429,7.639368
52,1.04713721428571,0.0148761428571429,12.243352,6.18086342857143
53,0.615669928571429,0.0154897142857143,18.5103251428571,9.30883664285714
54,0.924413285714286,0.0152491428571429,20.0823284285714,7.96934535714286
55,0.921149,0.0116127142857143,14.6649661428571,3.82384807142857
56,1.20393764285714,0.0130812857142857,27.173186,9.08306778571429
57,0.951344,0.020025,18.4594157142857,6.58409092857143
58,0.644671785714286,0.0207618571428571,23.7711811428571,9.36882435714286
59,0.495569857142857,0.0163982857142857,21.3703462857143,7.04548914285714
60,1.10035721428571,0.0198418571428571,18.571042,5.40174321428571
61,1.01026335714286,0.0111367142857143,12.0554268571429,5.69911607142857
62,0.953611428571429,0.0313377142857143,21.022759,9.68334878571429
63,0.892632214285714,0.0289808571428571,16.1595984285714,6.4689265
64,0.858274928571429,0.033063,22.1427461428571,11.2126239285714
65,0.699444428571429,0.0304807142857143,13.0729747142857,7.28711735714286
66,0.476777928571429,0.0282345714285714,13.8166355714286,6.79260207142857
67,0.654048142857143,0.0193605714285714,9.38435385714286,5.96458335714286
68,0.740119357142857,0.0336267142857143,12.2683982857143,6.06836728571429
69,1.01922792857143,0.0332542857142857,15.4373841428571,4.39046371428571
70,0.731878857142857,0.0406427142857143,9.98519157142857,1.40303907142857
71,0.539387428571429,0.0345435714285714,18.1555811428571,2.60791578571429
72,0.542261928571429,0.027157,11.1529872857143,2.3474235
73,0.639609142857143,0.0325237142857143,14.0622295714286,3.85093678571429
74,0.780607714285714,0.0127977142857143,11.5743694285714,0.858391928571429
75,0.837183928571429,0.0109402857142857,9.30986728571429,0.854259428571429
76,0.942352571428571,0.0306308571428571,9.904997,1.77995828571429
77,0.646920357142857,0.0320891428571429,17.3901514285714,2.91301492857143
78,0.658268714285714,0.0251488571428571,19.4457228571429,2.57281764285714
79,0.705176,0.0264284285714286,15.8149584285714,1.62467464285714
80,0.668788857142857,0.0341785714285714,13.4712968571429,1.20813021428571
81,0.8216355,0.0314584285714286,15.516182,1.30961921428571
82,0.840541,0.0173154285714286,15.4356297142857,1.41228742857143
83,0.884045142857143,0.0302918571428571,12.4726144285714,0.245094
84,0.7748655,0.010149,14.8359057142857,1.83412614285714
85,0.651419785714286,0.0205655714285714,15.2238871428571,1.28344971428571
86,0.766899642857143,0.0318451428571429,21.2091097142857,1.88590092857143
87,0.857194714285714,0.00851185714285714,16.7983484285714,1.002917
88,0.943077071428571,0.0131727142857143,16.1444571428571,2.15098157142857
89,0.927161,0.0327775714285714,14.9954592857143,1.34314321428571
90,1.01742992857143,0.0292024285714286,17.289761,2.84834357142857
91,0.871583785714286,0.033643,14.8781057142857,1.58485764285714
92,0.828905571428571,0.0253095714285714,19.5578532857143,1.58718871428571
93,0.583410857142857,0.0184224285714286,14.7105684285714,0.411756857142857
94,0.932712214285714,0.0193074285714286,23.4742971428571,2.06972257142857
95,0.711024785714286,0.0188095714285714,17.334651,0.751077714285714
96,0.872289714285714,0.0231845714285714,18.9149728571429,0.718722357142857
97,1.29443578571429,0.0258452857142857,31.2065217142857,3.17610371428571
98,0.934354928571429,0.0175935714285714,28.0245261428571,2.06055242857143
99,0.664259857142857,0.0177264285714286,17.1153068571429,2.43859064285714
100,1.16904764285714,0.0161725714285714,23.9150902857143,3.2878715
101,0.8628105,0.00945857142857143,21.7535762857143,3.01540778571429
102,0.916847928571429,0.0162382857142857,19.5347262857143,3.82146371428571
103,0.890916142857143,0.0181408571428571,22.2729862857143,5.15251592857143
104,0.987422428571429,0.0183348571428571,19.7069687142857,4.87382985714286
105,0.664771571428571,0.0150118571428571,26.5731461428571,5.4069875
106,0.740799714285714,0.0123155714285714,32.023974,3.84383507142857
107,0.747217785714286,0.0117917142857143,24.2490588571429,1.88172857142857
108,0.785222571428571,0.0128451428571429,20.3022942857143,3.39805542857143
109,0.701332785714286,0.0204881428571429,16.4978354285714,2.93286807142857
110,0.862396357142857,0.0196787142857143,23.7283785714286,3.94559678571429
111,0.423582714285714,0.0239761428571429,26.5112304285714,5.06292014285714
112,0.569848714285714,0.0266934285714286,22.7468002857143,6.33305421428571
113,0.334525642857143,0.0164345714285714,13.6496251428571,2.40508342857143
114,0.787832785714286,0.0255597142857143,16.3818698571429,3.88103157142857
115,1.37721271428571,0.0227718571428571,15.3146057142857,1.93204121428571
116,1.10985792857143,0.0343988571428571,15.3271692857143,2.09270228571429
117,0.647260142857143,0.0243037142857143,17.4744495714286,1.56263321428571
118,0.410089428571429,0.0196964285714286,15.7714334285714,0.774856
119,0.8068135,0.0247798571428571,12.9985177142857,0.340621714285714
120,0.323117357142857,0.0259757142857143,12.7196497857143,0.584586785714286
121,0.572179,0.0342260714285714,15.100666,1.84837521428571
122,0.716249928571429,0.0382084285714286,16.8216097142857,1.07134157142857
123,0.889465214285714,0.0246309285714286,15.6026349285714,0.632423857142857
124,0.606262857142857,0.0249256428571429,14.038561,0.262941714285714
125,0.544423,0.0390654285714286,12.2962073571429,1.16094907142857
126,0.703794785714286,0.0239558571428571,14.8738942142857,0.294045928571429
127,0.837234714285714,0.0120030714285714,15.4957181428571,0.917822
128,0.966336678571429,0.0219582857142857,14.2053453571429,0.540967857142857
129,0.720872214285714,0.0262024285714286,15.2621398571429,2.72848642857143
130,0.512933535714286,0.0289079285714286,15.9719838571429,2.01248378571429
131,0.6809335,0.014756,16.2813147142857,1.50284371428571
132,0.709174357142857,0.0259165,12.783244,1.24593507142857
133,0.731976928571429,0.0302383571428571,13.376788,0.852458642857143
134,0.498194785714286,0.0157946428571429,16.4254824285714,0.961291142857143
135,0.526501214285714,0.0219940714285714,21.6461205714286,1.91780171428571
136,0.495496928571429,0.0253213571428571,12.1892292142857,0.256593785714286
137,0.616863535714286,0.0230295714285714,15.5235975,1.06634078571429
138,0.644571678571429,0.0330002857142857,16.3601544285714,2.33014821428571
139,0.761762392857143,0.0184525,11.0177862857143,1.89537871428571
140,0.819837,0.0187110714285714,13.5894034285714,1.66191578571429
141,0.874708821428571,0.0172290714285714,12.4308299285714,1.489574
142,0.45793875,0.0192217857142857,15.8915160714286,4.20248957142857
143,0.512978821428571,0.0176072857142857,21.3556137142857,3.92052271428571
144,0.534213321428571,0.00843742857142857,16.2513648571429,1.199584
145,0.588295821428571,0.0127976428571429,12.4469697142857,1.750159
146,0.927697928571429,0.0154820714285714,21.5664406428571,6.622595
147,0.824369214285714,0.0128450714285714,24.0596178571429,5.85980242857143
148,0.792062214285714,0.0119822857142857,25.8747591428571,4.86660757142857
149,0.91049425,0.0149998571428571,25.7415065,4.576684
150,0.943951678571429,0.0111905,23.0615377142857,7.19262292857143
151,0.981146428571429,0.0145835,26.0334792142857,4.37659171428571
152,0.658398,0.0200357142857143,21.2488237142857,4.13719421428571
153,1.16582992857143,0.0166537142857143,26.0840860714286,4.732886
154,0.875343607142857,0.0157677142857143,20.8286500714286,4.68841592857143
155,0.415942071428571,0.0207231428571429,16.2490588571429,4.08575314285714
156,0.681761035714286,0.0207379285714286,21.4060559285714,5.3642635
157,0.792706321428571,0.0158867857142857,18.6547266428571,3.50044178571429
158,0.353040821428571,0.0200209285714286,16.8354365714286,3.24447607142857
159,0.743814642857143,0.0210118571428571,23.515716,5.07547314285714
160,0.550099071428571,0.0154137857142857,18.0996023571429,3.21262971428571
161,0.494636357142857,0.0131756428571429,15.8809877142857,4.12724242857143
162,0.696920321428571,0.0124643571428571,14.9193133571429,2.65574528571429
163,0.780480107142857,0.0185386428571429,17.6275054285714,3.86840985714286
164,0.992867,0.0198751428571429,17.2002517142857,2.43870764285714
165,0.602678607142857,0.0260237142857143,20.9693324285714,4.6847975
166,0.67819625,0.024006,18.2408712857143,3.43299321428571
167,0.719351714285714,0.0222175,16.4635092857143,4.65731485714286
168,0.873233607142857,0.0386517857142857,19.0351261428571,4.73669957142857
169,0.856618785714286,0.029503,14.1177182857143,4.44325142857143
170,0.604160178571429,0.0322559285714286,17.6024139285714,4.21307907142857
171,0.383320321428571,0.015271,7.91700764285714,0.509912
172,0.456165785714286,0.0211607857142857,12.4973062857143,1.0516965
173,0.508324178571429,0.0331876428571429,12.9498518571429,4.88555171428571
174,0.491084357142857,0.0405177142857143,15.7900750714286,3.16284935714286
175,0.534116321428571,0.0241307142857143,10.775574,1.09648264285714
176,0.54798075,0.0214880714285714,11.9998917857143,2.39328414285714
177,0.628723785714286,0.0137648571428571,13.1104956428571,1.73333828571429
178,0.639646642857143,0.0212887142857143,12.8747175,3.57882207142857
179,0.553688,0.0178036428571429,8.98441342857143,2.85284507142857
180,0.616485428571429,0.0124642142857143,10.4278303571429,2.979614
181,0.606314714285714,0.0240972142857143,11.1541266428571,3.65700428571429
182,0.615566642857143,0.0209048571428571,9.27739735714286,2.7610175
183,0.651157928571429,0.0204048571428571,11.4992471428571,3.48273064285714
184,0.565272642857143,0.0200551428571429,8.37673921428571,2.75583421428571
185,0.667559571428571,0.0234492857142857,11.4284183571429,2.39377771428571
186,0.789241428571429,0.0224940714285714,14.4886363571429,2.84738464285714
187,0.519206964285714,0.0158271428571429,10.8290043571429,0.697160642857143
188,0.549773535714286,0.0240952857142857,11.5315256428571,4.54173871428571
189,0.584769642857143,0.0240805,12.3655537857143,2.04318435714286
190,0.780965285714286,0.0297144285714286,18.8883516428571,4.18355328571429
191,0.669798071428571,0.0260297142857143,12.8709297857143,2.33860721428571
192,0.968439357142857,0.0340090714285714,19.4103967857143,4.47646964285714
193,0.847353857142857,0.0191368571428571,10.4802137142857,0.7684915
194,1.00929914285714,0.0223016428571429,18.2717980714286,3.15224414285714
195,0.616907857142857,0.0225267142857143,21.4431936428571,2.98648785714286
196,0.680470428571429,0.0194584285714286,18.0612884285714,2.15603007142857
197,0.616728178571429,0.0145892857142857,15.5225274285714,1.26196035714286
198,0.810442392857143,0.0141369285714286,17.6179771428571,0.947474857142857
199,0.585911285714286,0.0163660714285714,16.7298559285714,4.20476557142857
200,0.47866375,0.015506,16.4250376428571,4.38057507142857
201,0.663875214285714,0.0114405714285714,20.9099142142857,6.64441485714286
202,0.690515071428571,0.0138035,19.1674043571429,6.20135128571429
203,0.874152392857143,0.0143510714285714,23.7215086428571,7.12545485714286
204,0.835733642857143,0.016622,15.9015152142857,3.09893707142857
205,0.570064964285714,0.0138610714285714,16.471438,2.01771485714286
206,0.616705392857143,0.0125921428571429,18.1321757857143,3.98541607142857
207,0.89562625,0.014241,21.6362812142857,3.7513845
208,0.887378821428571,0.0165243571428571,24.3832188571429,6.36421928571429
209,0.81649725,0.0164791428571429,19.0427017142857,4.36008942857143
210,0.364968607142857,0.0191107857142857,15.1011518571429,3.11412121428571
211,0.41568325,0.0190089285714286,13.7477295714286,2.16409707142857
212,0.569901535714286,0.0262619285714286,21.2498467857143,3.52986928571429
213,0.691925464285714,0.0234760714285714,13.2376011428571,4.4119695
214,0.713198821428571,0.0244165,15.8406032857143,3.37584692857143
215,0.85090575,0.0323216428571429,22.1004689285714,3.80933335714286
216,0.667193678571429,0.0270447857142857,21.1913582857143,3.31523471428571
217,0.538684,0.0311814285714286,14.6646785714286,1.12672292857143
218,0.583086357142857,0.0346965714285714,20.0337145714286,4.56582078571429
219,0.728894964285714,0.0324512142857143,18.8961040714286,3.11461807142857
220,0.531521928571429,0.0321090714285714,20.7766890714286,4.34652271428571
221,0.220186464285714,0.0264569285714286,13.239728,1.66487228571429
222,0.219981785714286,0.0278822142857143,19.6109772142857,5.70184335714286
223,0.342346035714286,0.0384675,21.5346706428571,2.06248707142857
224,0.337344857142857,0.0195655,14.8817522857143,0.612375928571429
225,0.403545571428571,0.0191756428571429,15.0523885,0.122423142857143
226,0.433760357142857,0.0189105714285714,11.1733920714286,0.254619642857143
227,0.53454975,0.0220475714285714,13.9774272857143,0.451240428571429
228,0.619034714285714,0.0157470714285714,11.5428420714286,0.818468928571429
229,0.667371821428571,0.0178392142857143,11.8123453571429,0.684551571428571
230,0.769468107142857,0.0118242857142857,14.5722402142857,1.07831642857143
231,0.832401821428571,0.0113897857142857,13.4279225,1.98346271428571
232,0.534550214285714,0.0151892142857143,14.7009189285714,2.02697314285714
233,0.363059107142857,0.0291059285714286,13.6475725714286,2.31530985714286
234,0.478293392857143,0.0285654285714286,13.9785016428571,2.78869971428571
235,0.503519607142857,0.0272204285714286,13.9900665,3.95742942857143
236,0.592400714285714,0.0350028571428571,12.0220667142857,1.19343421428571
237,0.574534214285714,0.0320892142857143,11.5159598571429,2.00289885714286
238,0.648279,0.0233302142857143,14.6701066428571,2.3307615
239,0.751196821428571,0.0194791428571429,13.4931199285714,2.39227485714286
240,0.725317,0.0253837857142857,11.7374382142857,2.80017
241,0.73615425,0.0289138571428571,12.5236399285714,5.58544071428571
242,0.768277642857143,0.0259642857142857,11.1901182142857,3.07946071428571
243,0.791485535714286,0.0323899285714286,10.3221242857143,3.25177657142857
244,0.889622142857143,0.0351516428571429,20.3147630714286,9.11858185714286
245,0.836141357142857,0.0246963571428571,10.6433962142857,2.28800842857143
246,0.353684464285714,0.0186965,17.5252498571429,4.93239821428571
247,0.339253357142857,0.0104939285714286,12.8962450714286,3.84987242857143
248,0.423164285714286,0.0176129285714286,16.7512754285714,5.53725821428571
249,0.327233964285714,0.0172253571428571,16.5359626428571,6.16846564285714
250,0.414072214285714,0.0147499285714286,13.4769432857143,4.20400578571429
251,0.488438285714286,0.0163959285714286,13.774154,2.62785892857143
252,0.471033928571429,0.0153005,14.2224025714286,4.55534421428571
253,0.567244285714286,0.0117588571428571,16.9947046428571,6.41087578571429
254,0.616569535714286,0.0166994285714286,17.5936920714286,6.14407164285714
255,0.2523055,0.016822,20.3181045714286,6.046558
256,0.132544035714286,0.014076,18.375889,9.74890571428571
257,0.174976357142857,0.0164451428571429,17.5986395714286,5.67980071428571
258,0.159965357142857,0.00991028571428571,14.3561378571429,6.38335928571429
259,0.116648785714286,0.0148613571428571,15.7804007857143,4.83439807142857
260,0.168517785714286,0.0191785714285714,19.1680399285714,5.43479964285714
261,0.188645178571429,0.0129345,12.2594311428571,4.28793771428571
262,0.269248178571429,0.0177946428571429,15.0335499285714,5.910326
263,0.316407321428571,0.020622,20.4641747142857,7.0826795
264,0.387499964285714,0.0229463571428571,14.2361627142857,4.66181607142857
265,0.376352285714286,0.0224463571428571,13.2431199285714,6.66505835714286
266,0.485740142857143,0.0243112142857143,18.7310604285714,6.75749042857143
267,0.541323821428571,0.0279957857142857,15.3249845714286,10.011718
268,0.6816965,0.0281933571428571,15.1332715714286,8.24006585714286
269,0.192462535714286,0.0262142857142857,15.3328695714286,5.12623664285714
270,0.197777214285714,0.0278036428571429,16.527762,6.13864342857143
271,0.0712905714285714,0.0340893571428571,13.0796845,5.46204864285714
272,0.241356071428571,0.0382617142857143,18.30504,7.59372707142857
273,0.219248321428571,0.0294912142857143,16.1452535,8.63871635714286
274,0.240308071428571,0.0337321428571429,12.085807,5.01003328571429
275,0.341970642857143,0.0364791428571429,15.8021800714286,4.50606514285714
276,0.419422785714286,0.0327023571428571,15.0457637142857,4.15578685714286
277,0.522528321428571,0.0366697142857143,12.4191247142857,4.1428645
278,0.527445607142857,0.0343658571428571,12.4044526428571,4.76623778571429
279,0.604574178571429,0.0212024285714286,14.6617965714286,5.27046921428571
280,0.657616857142857,0.0236185,12.0159245714286,6.119599
281,0.7951605,0.0349881428571429,18.0700757857143,2.69524735714286
282,0.753823642857143,0.0309554285714286,13.5582868571429,2.074279
283,0.577109214285714,0.0246310714285714,10.943015,2.56349442857143
284,0.188193571428571,0.0157529285714286,8.572279,1.81869121428571
285,0.403440821428571,0.0227260714285714,12.2929267857143,0.9488995
286,0.551818107142857,0.0289017142857143,13.5364875,1.43431492857143
287,0.558954392857143,0.0284046428571429,9.62264235714286,0.725626785714286
288,0.453092535714286,0.0303275,16.0444881428571,2.9001275
289,0.466911857142857,0.0250387857142857,13.3869433571429,2.02323242857143
290,0.546363785714286,0.0265505714285714,14.3678492857143,1.21626557142857
291,0.543314464285714,0.0269156428571429,10.3306277857143,1.88857785714286
292,0.581825857142857,0.0369047142857143,11.3862864285714,1.778446
293,0.6773745,0.0279493571428571,14.4864719285714,2.07307385714286
294,0.669332357142857,0.0280654285714286,13.4618505,1.97555735714286
295,0.738703428571429,0.0212084285714286,13.4679578571429,1.55134342857143
296,0.651074,0.0209642857142857,10.8303571428571,5.44737864285714
297,0.371713178571429,0.0296011428571429,14.8745747857143,4.69722357142857
298,0.38324925,0.0266518571428571,27.1767547857143,4.77569121428571
299,0.142203571428571,0.0195535714285714,18.5351345,4.55573035714286
300,0.399197642857143,0.0180088571428571,22.5191550714286,3.3686595
301,0.368122392857143,0.0114972142857143,21.8774738571429,2.578468
302,0.275407678571429,0.0148452857142857,18.0297234285714,4.108984
303,0.515840821428571,0.0173472142857143,21.1927728571429,5.58144585714286
304,0.490023357142857,0.0153005714285714,19.2441249285714,3.79405135714286
305,0.322138964285714,0.0101101428571429,17.4243197142857,3.22580785714286
306,0.0971985357142857,0.0123512857142857,25.0994897142857,5.041637
307,0.141977178571429,0.011994,20.1851035714286,6.01175535714286
308,0.248272642857143,0.0154428571428571,22.4690785714286,6.60002964285714
309,0.559420357142857,0.0328335,10.3500073571429,2.26874257142857
310,0.699443571428571,0.0297826428571429,3.27127707142857,0.421506214285714
311,0.581699357142857,0.0318691428571429,5.01062935714286,0.814542642857143
312,0.486763892857143,0.0365897857142857,6.80681821428571,1.36629021428571
313,0.795550071428571,0.0483039285714286,9.73654921428571,2.35599478571429
314,0.902685071428571,0.0409911428571429,9.79464271428571,1.84699671428571
315,0.98768825,0.0346072142857143,11.4545455714286,1.6073205
316,0.5875665,0.0189551428571429,17.2617827142857,1.35144164285714
317,0.774320535714286,0.0214254285714286,17.0510204285714,1.39833992857143
318,0.763619321428571,0.0305922142857143,5.8033395,1.25005735714286
319,0.815812535714286,0.0306696428571429,7.3302295,1.40579728571429
320,0.54924775,0.0253690714285714,9.66456092857143,1.05300021428571
321,0.443645535714286,0.0206906428571429,13.0340135714286,2.1313915
322,0.63626975,0.0269315,9.40142157142857,2.01392342857143
323,0.61740425,0.0227855714285714,14.7841296428571,2.75318685714286
324,0.610844357142857,0.0191528571428571,15.2939859285714,2.94748235714286
325,0.234200857142857,0.0162411428571429,21.3689975,4.89405621428571
326,0.0945523214285714,0.0166012857142857,19.0105132142857,6.58535214285714
327,0.0600524285714286,0.0120416428571429,15.7242191428571,3.9074405
328,0.135557071428571,0.0201427857142857,16.8734153571429,5.39486285714286
329,0.163994285714286,0.0212620714285714,17.6851768571429,7.01919178571429
330,0.312668214285714,0.0182976428571429,22.0491263571429,7.50859585714286
331,0.3062695,0.0148065,13.4754947857143,4.20318885714286
332,0.351091535714286,0.020759,13.0701128571429,4.65456078571429
333,0.492761178571429,0.0281725714285714,18.590215,4.88465435714286
334,0.525401178571429,0.0227272142857143,10.5969,1.3522905
335,0.231683464285714,0.0294196428571429,12.6416201428571,1.82051321428571
336,0.0503752857142857,0.0287380714285714,15.4052257142857,4.47335471428571
337,0.194798107142857,0.0222567142857143,13.7840368571429,1.43293064285714
338,0.199482535714286,0.0323540714285714,13.1966605714286,1.71242235714286
339,0.190528,0.0289584285714286,14.3651438571429,1.42784628571429
340,0.287901142857143,0.0240803571428571,14.7837045714286,1.48692828571429
341,0.349922321428571,0.0300327857142857,15.9569031428571,2.03769964285714
342,0.397325321428571,0.0198454285714286,15.5712738571429,1.86755414285714
343,0.319759392857143,0.0288423571428571,16.5811302857143,4.73284335714286
344,0.366569714285714,0.0325178571428571,17.1743197142857,3.81901621428571
345,0.441185,0.017866,13.9136265,3.00151828571429
346,0.521766785714286,0.0351327142857143,16.0218836428571,5.18985392857143
347,0.488368821428571,0.0450223571428571,15.4983040714286,4.9925985
348,0.347717785714286,0.0292470714285714,13.5082082857143,2.49017664285714
349,0.305084642857143,0.0322440714285714,12.9064910714286,4.6295275
350,0.423498892857143,0.0390030714285714,16.0191325714286,3.64730664285714
351,0.488748642857143,0.0198005,13.1196274285714,2.67255242857143
352,0.344847214285714,0.0301993571428571,13.5508543571429,3.552233
353,0.192941214285714,0.0257917142857143,11.5066095,4.04667257142857
354,0.294961285714286,0.0129222857142857,9.56385264285714,3.09763564285714
355,0.359914785714286,0.0220557142857143,10.6500154285714,1.21345635714286
356,0.378539035714286,0.0230942142857143,8.48222014285714,0.474510142857143
357,0.532997571428571,0.0272618571428571,14.7507729285714,0.650691142857143
358,0.249346571428571,0.0142442142857143,15.4710885714286,2.036829
359,0.251041678571429,0.0319287142857143,14.2384818571429,8.09901871428571
360,0.410643178571429,0.0228392142857143,14.797619,2.01059592857143
361,0.446704964285714,0.0204195714285714,14.0429805714286,2.69957292857143
362,0.417772964285714,0.0188692142857143,13.5833332857143,3.41284735714286
363,0.54489525,0.0264373571428571,21.4829158571429,4.60638128571429
364,0.67477375,0.0291876428571429,20.9627397142857,4.45631092857143
365,0.649948285714286,0.0228811428571429,13.2181767142857,3.55288378571429
366,0.428422607142857,0.0135118571428571,14.5994124285714,5.06799978571429
367,0.332126964285714,0.0194493571428571,17.8066757857143,4.30535221428571
368,0.206295214285714,0.0182896428571429,13.261441,2.90924657142857
369,0.480887535714286,0.0124226428571429,19.2288960714286,3.88111142857143
370,0.445626357142857,0.0145804285714286,18.4700062142857,6.3410585
371,0.869422964285714,0.0196221428571429,19.6063698571429,4.06853557142857
372,0.594636392857143,0.0163125714285714,15.2662338571429,3.45115914285714
373,0.170678107142857,0.0177411428571429,15.3786332857143,2.13650921428571
374,0.19605325,0.0118065,20.2392547857143,3.09669292857143
375,0.0284225714285714,0.0140892857142857,13.121444,4.795641
376,0.327115642857143,0.0199612142857143,10.833913,1.47554535714286
377,0.86644025,0.0242589285714286,14.6324984285714,1.46235771428571
378,0.587131214285714,0.0242708571428571,10.7270407857143,0.821894428571429
379,0.7369695,0.0194285,10.8324830714286,0.816894
380,0.451261642857143,0.0211071428571429,10.5040584285714,3.55452528571429
381,0.0277045357142857,0.0142499285714286,14.6997140714286,5.33772992857143
382,0.126934535714286,0.0144107142857143,10.1105442142857,3.51939142857143
383,0.0554411785714286,0.0126517142857143,12.2733458571429,5.41511571428571
384,0.08869875,0.0141428571428571,16.3777442857143,5.0684985
385,0.531269928571429,0.0137826428571429,23.7902752142857,5.99238392857143
386,0.0967686785714286,0.0173922142857143,12.2683984285714,5.83385921428571
387,0.0417101428571429,0.0208691428571429,17.7705627857143,7.10113371428571
388,0.143006,0.0259673571428571,17.3099876428571,5.88656242857143
389,0.541602,0.029406,24.6439392857143,6.64808671428571
390,0.440681964285714,0.0254245,15.2438929285714,6.03330028571429
391,0.566183714285714,0.0286963571428571,11.3505872857143,3.14729185714286
392,0.814188642857143,0.0221715,10.5882807142857,3.06455428571429
393,0.943665928571429,0.0250745,10.0751391428571,5.31371628571429
394,0.585685464285714,0.0293183571428571,12.3333332857143,4.98258942857143
395,0.576378107142857,0.0398215714285714,15.5942738571429,7.31608257142857
396,0.807369285714286,0.0301965,17.2307515,5.84380728571429
397,0.640568428571429,0.0302885714285714,17.4445346428571,4.414014
398,0.373841785714286,0.0370625,19.0229205714286,2.57416685714286
399,0.553482107142857,0.0369405,14.5084647857143,1.38205785714286
400,0.441270285714286,0.0321131428571429,11.9577920714286,0.0616071428571429
401,0.318718285714286,0.0259790714285714,13.4514412142857,0.347267357142857
402,0.296321107142857,0.0205535,13.4446506428571,0.357939571428571
403,0.441071428571429,0.0310565714285714,16.9725184285714,0.840701785714286
404,0.420470892857143,0.0291459285714286,16.3378941428571,0.442642642857143
405,0.449280535714286,0.0185982142857143,16.0357915714286,0.2689775
406,0.322172392857143,0.0170952857142857,11.4255181428571,0.159838071428571
407,0.308852535714286,0.0143958571428571,11.8059677142857,0
408,0.380488321428571,0.0205891428571429,14.8938233571429,0.620842571428571
409,0.356130607142857,0.0195149285714286,15.3915655,1.34546921428571
410,0.325458642857143,0.0227115,12.5932668571429,0.0648809285714286
411,0.395441357142857,0.0281099285714286,12.4444876428571,0.3562075
412,0.119963178571429,0.0272828571428571,15.0889767142857,0.518889928571429
413,0.192466678571429,0.0239732857142857,15.9300401428571,1.42915564285714
414,0.322477857142857,0.0238067142857143,13.5803958571429,0.4999315
415,0.367482857142857,0.0203450714285714,11.7519324285714,0.719851785714286
416,0.332340035714286,0.031482,13.0191712857143,1.72623428571429
417,0.339588392857143,0.0232024285714286,12.5216451428571,0.444345214285714
418,0.393761642857143,0.0226132857142857,12.0482375714286,0.329756285714286
419,0.421805892857143,0.0230745,14.7221707142857,1.51342064285714
420,0.428702785714286,0.0182677142857143,15.451608,2.07485592857143
421,0.479154357142857,0.0196517142857143,13.3307565,1.54662828571429
422,0.537563392857143,0.0228304285714286,17.2193106428571,1.46828421428571
423,0.450610178571429,0.0195775714285714,24.3504745714286,2.13912142857143
424,0.378440142857143,0.0199255,20.1818955714286,2.06579785714286
425,0.289747678571429,0.0160832857142857,13.8474799285714,2.01241307142857
426,0.404484178571429,0.0138987142857143,19.6831321428571,2.10519742857143
427,0.380094428571429,0.0131846428571429,18.913729,1.19870228571429
428,0.355733678571429,0.0111815,13.2359309285714,0.910509071428572
429,0.2960705,0.0153691428571429,19.7319109285714,2.20666964285714
430,0.243753857142857,0.0162457857142857,14.6712275,2.48912521428571
431,0.254992857142857,0.0137841428571429,17.3566791428571,2.22518857142857
432,0.289028178571429,0.0160744285714286,17.2026129285714,3.86580435714286
433,0.297213857142857,0.0166400714285714,19.1281694285714,5.32186428571429
434,0.278106964285714,0.0155357142857143,13.1585134285714,1.80856071428571
435,0.355347642857143,0.0176607142857143,17.5305350714286,4.03329385714286
436,0.294321964285714,0.022997,15.9344465714286,2.75879185714286
437,0.353654071428571,0.0227023571428571,16.6291744285714,3.13308378571429
438,0.355096571428571,0.0172499285714286,18.7505410714286,6.04542492857143
439,0.293256535714286,0.0236924285714286,16.5909864285714,3.50915042857143
440,0.353805678571429,0.0260537142857143,14.9314316428571,2.13034242857143
441,0.339701107142857,0.0305862857142857,15.5916821428571,2.50009057142857
442,0.124899714285714,0.0292502142857143,13.6467224285714,2.27380764285714
443,0.130571571428571,0.0270596428571429,14.1921768571429,1.93622635714286
444,0.240218678571429,0.0173910714285714,11.1652751428571,1.2023605
445,0.310484035714286,0.0267677857142857,13.1275510714286,2.5765675
446,0.246500357142857,0.0346339285714286,15.6151824285714,2.83356321428571
447,0.281808357142857,0.026768,14.7380950714286,2.413197
448,0.234248357142857,0.0330813571428571,14.2279684285714,2.99334892857143
449,0.270817035714286,0.0290057857142857,12.4247061428571,2.18339985714286
450,0.261166392857143,0.0310832857142857,12.6215986428571,2.29742385714286
451,0.218907821428571,0.0283124285714286,8.5347865,0.341291357142857
452,0.240147535714286,0.0306072142857143,12.1351267857143,1.4016525
453,0.144270821428571,0.0173005714285714,7.37414971428571,0.872034857142857
454,0.219781071428571,0.0171606428571429,10.385725,1.525241
455,0.283227464285714,0.0326816428571429,11.9083950714286,1.76283278571429
456,0.277180678571429,0.0183246428571429,13.8311687142857,1.8679865
457,0.235387321428571,0.0207285,10.711348,0.784997071428571
458,0.280339035714286,0.0173731428571429,9.85536478571429,0.963087928571429
459,0.305570035714286,0.0309643571428571,14.5947742857143,2.77154685714286
460,0.225647821428571,0.017131,9.94612842857143,1.2065735
461,0.201863464285714,0.0190507142857143,9.19480514285714,0.916922928571429
462,0.181553821428571,0.0212796428571429,8.76407928571428,0.744457214285714
463,0.28368075,0.0176816428571429,11.1951915714286,1.15502621428571
464,0.260135071428571,0.0175685,10.8575664285714,1.95921892857143
465,0.286582535714286,0.0240922142857143,10.9030611428571,2.65922507142857
466,0.595719964285714,0.0153965,7.5120735,0.298200357142857
467,0.160202785714286,0.0207381428571429,7.40395614285714,0.900693428571429
468,0.246616142857143,0.0265952857142857,8.12793742857143,1.61009085714286
469,0.3633735,0.0297975714285714,15.4264185714286,4.10257507142857
470,0.27772,0.0181248571428571,9.65321585714286,3.34687585714286
471,0.280939357142857,0.020869,9.434292,1.56150542857143
472,0.413812071428571,0.0205832857142857,16.2796071428571,5.41575721428571
473,0.5914065,0.0185417142857143,21.8120815714286,4.1614445
474,0.408360071428571,0.0170594285714286,16.076144,4.02584592857143
475,0.357048428571429,0.0149642857142857,15.4995361428571,4.28578078571429
476,0.302890285714286,0.0202974285714286,14.2038667142857,2.64815514285714
477,0.337292928571429,0.014881,14.7174554285714,3.10870671428571
478,0.278984928571429,0.0149048571428571,16.0029307142857,2.94703864285714
479,0.2620525,0.0133711428571429,11.3921355714286,2.18556514285714
480,0.250067285714286,0.0130475714285714,13.5121882857143,0.982762071428571
481,0.174007,0.0163272857142857,6.956095,1.18401942857143
482,0.248332928571429,0.0135758571428571,14.3784012857143,2.28779871428571
483,0.2536565,0.0145177142857143,15.9150904285714,3.45465907142857
484,0.262249,0.0176835714285714,18.5415118571429,3.23769778571429
485,0.252960214285714,0.0157261428571429,18.7100341428571,2.75471385714286
486,0.232511714285714,0.0199224285714286,16.7351578571429,5.69662085714286
487,0.242700642857143,0.0246368571428571,16.0651671428571,2.52697371428571
488,0.237168642857143,0.0221071428571429,13.3523498571429,4.63423364285714
489,0.318633428571429,0.0257795714285714,14.4843848571429,6.91657792857143
490,0.245170714285714,0.026232,12.2315244285714,4.79890014285714
491,0.218452428571429,0.0277558571428571,12.6321891428571,2.12239914285714
492,0.259000928571429,0.012899,13.2418832857143,3.48961107142857
493,0.287874,0.0333334285714286,13.6681171428571,1.30319621428571
494,0.220446142857143,0.0271112857142857,11.4474488571429,1.61414714285714
495,0.214148571428571,0.0333572857142857,10.3876777142857,2.83695092857143
496,0.217663142857143,0.0331427142857143,8.69293771428571,1.45706335714286
497,0.218729285714286,0.0351368571428571,12.4939702857143,1.30031057142857
498,0.195512428571429,0.0360178571428571,11.3611625714286,0.522406428571429
499,0.205211,0.0214818571428571,13.3357297142857,0.735816
500,0.198601214285714,0.0199702857142857,10.9336735714286,4.11011378571429
501,0.204486071428571,0.0233451428571429,12.0116458571429,0.950081285714286
502,0.188298428571429,0.0275535714285714,10.0360722857143,0.510763714285714
503,0.205329928571429,0.0309938571428571,17.8759614285714,3.05431085714286
504,0.188445357142857,0.0227261428571429,13.5325814285714,1.709607
505,0.166542357142857,0.0180952857142857,10.3695114285714,0.6146055
506,0.144807142857143,0.0267738571428571,9.18398257142857,0.184054357142857
507,0.205850142857143,0.0365704285714286,14.6322832857143,0.259326
508,0.1479865,0.0251844285714286,10.292517,0.304538214285714
509,0.192352571428571,0.0274642857142857,11.7215521428571,0.683279785714286
510,0.201675642857143,0.0249402857142857,11.3856678571429,0.317886785714286
511,0.196207642857143,0.0200178571428571,11.905071,0.872268
512,0.149309071428571,0.013732,8.75595242857143,0.364581357142857
513,0.216829714285714,0.0209165714285714,13.9249382857143,0.200565714285714
514,0.2115775,0.0200655714285714,12.3539734285714,0.128565928571429
515,0.201555285714286,0.0248214285714286,12.0346522857143,1.4113945
516,0.213189714285714,0.0310297142857143,12.4319728571429,1.81979064285714
517,0.219796857142857,0.020113,9.61873857142857,0.268411785714286
518,0.184762642857143,0.0200654285714286,8.22000614285714,0.114893928571429
519,0.232330571428571,0.0191131428571429,14.6504362857143,0.167955142857143
520,0.203816428571429,0.0203868571428571,10.9802875714286,0.65934
521,0.207483214285714,0.0199287142857143,10.3915977142857,0.675064785714286
522,0.178022857142857,0.00941671428571429,7.76252328571429,0.346291714285714
523,0.177010428571429,0.0203332857142857,9.624768,2.8407615
524,0.207188142857143,0.0156191428571429,11.0122138571429,2.12541221428571
525,0.245027071428571,0.0196667142857143,11.61325,2.39701092857143
526,0.231542357142857,0.026381,12.4682282857143,4.05461592857143
527,0.394568,0.0183272857142857,20.0069574285714,2.049584
528,0.298557428571429,0.0162202857142857,18.0088898571429,2.22674685714286
529,0.248436857142857,0.0150058571428571,15.1445577142857,2.07287971428571
530,0.209985,0.016619,11.2557202857143,2.10721492857143
531,0.238844357142857,0.0131727142857143,11.3016605714286,0.543445071428571
532,0.289549642857143,0.0177795714285714,21.102891,2.8549275
533,0.194585928571429,0.0227005714285714,16.2964285714286,6.0056085
534,0.202833785714286,0.0219047142857143,14.4243195714286,6.07198135714286
535,0.2777515,0.0218034285714286,18.3630952857143,3.62133692857143
536,0.464601785714286,0.0194522857142857,17.387214,1.11750035714286
537,0.714456571428571,0.0223598571428571,14.6875385714286,0.968873928571429
538,0.241774142857143,0.0188631428571429,11.8336424285714,2.13224828571429
539,0.216875,0.0237141428571429,10.6256184285714,3.78492307142857
540,0.310329857142857,0.0245357142857143,21.0320811428571,2.05853571428571
541,0.2248485,0.0284225714285714,14.0588281428571,2.80203542857143
542,0.366320285714286,0.0293152857142857,19.0859278571429,3.88313921428571
543,0.2532415,0.0343751428571429,14.9000464285714,1.14826792857143
544,0.292049714285714,0.0312797142857143,14.8681198571429,2.43562921428571
545,0.214874571428571,0.0358691428571429,10.2026127142857,1.25287457142857
546,0.237726428571429,0.0319225714285714,11.5747527142857,2.04816978571429
547,0.220632214285714,0.0310475714285714,10.1347402857143,1.2513035
548,0.259648285714286,0.037381,10.186508,0.352051214285714
549,0.256645928571429,0.0332082857142857,10.9694147142857,0.961401928571429
550,0.191251214285714,0.0323987142857143,9.78177171428571,1.25964407142857
551,0.219553785714286,0.0359642857142857,11.0667904285714,0.562287428571429
552,0.205282142857143,0.0281724285714286,8.64092457142857,0.0931677142857143
553,0.210996428571429,0.021506,11.1886981428571,0.248809571428571
554,0.236006785714286,0.030881,13.0992577142857,0.875502857142857
555,0.224151428571429,0.0215892857142857,11.6679807142857,0.000310571428571429
556,0.180478714285714,0.020116,11.2688621428571,0.00178571428571429
557,0.221398785714286,0.0279522857142857,12.9542362857143,0.0271702142857143
558,0.1850815,0.017256,6.59098642857143,0.000621142857142857
559,0.199455285714286,0.01875,9.55192771428571,0.0110027142857143
560,0.143031857142857,0.0166428571428571,7.90996385714286,0.0398468571428571
561,0.190738785714286,0.0227915714285714,8.16133271428571,0.0280500714285714
562,0.163436785714286,0.0207321428571429,8.76244585714286,0.0154097142857143
563,0.189914714285714,0.0278631428571429,10.5456091428571,0.01875
564,0.186513928571429,0.0200238571428571,8.339827,0
565,0.180059428571429,0.0182024285714286,8.27048528571428,0
566,0.190596428571429,0.0273332857142857,6.58356528571429,0.0137562857142857
567,0.201810285714286,0.0292381428571429,6.448593,0.200756071428571
568,0.180918785714286,0.017113,8.54329014285714,0.0936445714285714
569,0.288946928571429,0.0281785714285714,11.5964748571429,0.392557642857143
570,0.231200785714286,0.0312322857142857,11.7467531428571,1.36845457142857
571,0.1512305,0.0338928571428571,13.4569418571429,4.817931
572,0.256240928571429,0.0369404285714286,16.3011994285714,1.56977785714286
573,0.239082214285714,0.0364885714285714,20.4236361428571,3.36609692857143
574,0.267712285714286,0.0225358571428571,13.7753312857143,0.563489
575,0.231841142857143,0.0228511428571429,14.5854205714286,1.13421864285714
576,0.352351928571429,0.0197084285714286,19.0377344285714,2.24058378571429
577,0.291695571428571,0.0185655714285714,14.6228355714286,1.10401585714286
578,0.2193755,0.0206904285714286,13.2483767142857,1.51421
579,0.252933571428571,0.018744,11.9048394285714,1.41392342857143
580,0.340405571428571,0.0176665714285714,23.4268707142857,2.7481145
581,0.220439571428571,0.0211985714285714,17.80705,2.61209885714286
582,0.303475071428571,0.0183928571428571,14.068027,0.851253357142857
583,0.289407642857143,0.0184405714285714,16.162827,2.34139678571429
584,0.232038428571429,0.0191557142857143,15.7689627142857,2.32031942857143
585,0.188721785714286,0.025232,10.923257,5.95274878571429
586,0.282620571428571,0.0171845714285714,15.3922698571429,2.172631
587,0.281920714285714,0.0224761428571429,16.0374381428571,3.7940235
588,0.233622428571429,0.0272915714285714,11.6477658571429,1.59132278571429
589,0.2261635,0.0242977142857143,12.7732684285714,1.38197264285714
590,0.281900857142857,0.0269522857142857,19.1417437142857,2.11329478571429
591,0.2930855,0.0203394285714286,10.5647881428571,0.542943785714286
592,0.231579428571429,0.028619,7.32819271428571,1.72628478571429
593,0.212904714285714,0.0257382857142857,8.63400571428572,1.31640414285714
594,0.250099785714286,0.028762,13.4483225714286,1.749292
595,0.228612285714286,0.0308214285714286,9.969496,0.773141928571429
596,0.227400714285714,0.0205415714285714,7.73981128571429,1.44497378571429
597,0.259673357142857,0.0303571428571429,12.879592,1.31484028571429
598,0.2039115,0.0240117142857143,11.887018,1.73970821428571
599,0.200364285714286,0.0285178571428571,9.45793157142857,0.797225214285714
600,0.180595214285714,0.0269525714285714,8.18779371428571,1.00902471428571
601,0.208233214285714,0.0331191428571429,9.44945885714286,0.828575142857143
602,0.217621285714286,0.0280534285714286,11.0445037142857,0.741716642857143
603,0.183078214285714,0.0346607142857143,10.4392545714286,1.94064442857143
604,0.181062357142857,0.024119,6.83164814285714,0.108501571428571
605,0.183636714285714,0.0336248571428571,8.08524285714286,0.101210857142857
606,0.273480214285714,0.0330618571428571,16.6304575714286,0.531144642857143
607,0.218390571428571,0.0296844285714286,10.4640925714286,0.111440785714286
608,0.143889571428571,0.0135892857142857,8.24184442857143,0.0141803571428571
609,0.149889785714286,0.0239764285714286,9.11749371428571,0.0744447857142857
610,0.213045642857143,0.0351844285714286,12.3086734285714,0.152883857142857
611,0.131180285714286,0.0179725714285714,9.28686614285714,0.00476192857142857
612,0.193042857142857,0.0166545714285714,8.58638271428571,0.0070985
613,0.189319571428571,0.0140831428571429,9.50048585714286,0.0125
614,0.160517428571429,0.022393,8.48587885714286,0.0163265
615,0.132701357142857,0.0186192857142857,7.46900114285714,0.0366071428571429
616,0.169718642857143,0.0297381428571429,10.5482992857143,0.329628857142857
617,0.219680785714286,0.037994,13.861928,1.34400871428571
618,0.2305925,0.0381965714285714,11.6863172857143,2.45831857142857
619,0.147776,0.0292857142857143,12.2377241428571,2.47169478571429
620,0.244763857142857,0.0353748571428571,12.7951144285714,0.966164
621,0.2629375,0.0248035714285714,13.7821584285714,1.48248128571429
622,0.202581071428571,0.0261904285714286,13.0634585714286,1.54295514285714
623,0.268416142857143,0.0311844285714286,12.4762755714286,0.447974
624,0.223982357142857,0.0259522857142857,11.5117914285714,0.887626
625,0.318952214285714,0.0266847142857143,18.4586967142857,2.19787971428571
626,0.271391428571429,0.0280832857142857,16.6807961428571,2.06714371428571
627,0.257145571428571,0.024113,14.5689317142857,3.04098792857143
628,0.198344285714286,0.0248097142857143,11.4184832857143,1.77112542857143
629,0.214814428571429,0.0226904285714286,12.1929035714286,1.02924985714286
630,0.236588,0.0195358571428571,9.73803328571429,0.6005565
631,0.256797,0.0151607142857143,16.0576144285714,1.35471014285714
632,0.294776714285714,0.0152737142857143,11.4257227142857,1.73659035714286
633,0.228851214285714,0.0167678571428571,10.8271721428571,0.610187428571429
634,0.235960928571429,0.0169045714285714,13.1331168571429,1.36447985714286
635,0.228894571428571,0.0176428571428571,11.811549,0.606362714285714
636,0.278334071428571,0.0181332857142857,17.5393861428571,2.91863357142857
637,0.203907285714286,0.0196251428571429,14.0613095714286,1.20598742857143
638,0.284378714285714,0.0217321428571429,16.0851111428571,1.50021792857143
639,0.196117928571429,0.0183867142857143,11.1483147142857,1.17354157142857
640,0.291481214285714,0.0209522857142857,15.147673,1.13745935714286
641,0.210010714285714,0.0204981428571429,12.0524467142857,2.46687042857143
642,0.201776214285714,0.0215118571428571,13.808129,2.66730071428571
643,0.227539142857143,0.0232381428571429,11.5923392857143,1.23733735714286
644,0.207431285714286,0.0199821428571429,8.54936628571429,0.300733928571429
645,0.220890428571429,0.0288451428571429,11.9502162857143,0.896337928571429
646,0.242048928571429,0.0223808571428571,11.9880025714286,0.3355535
647,0.230949571428571,0.0272618571428571,12.2873454285714,0.575536142857143
648,0.258319785714286,0.0324702857142857,16.9450215714286,1.37468757142857
649,0.201971285714286,0.0266605714285714,10.8525124285714,0.533270428571429
650,0.225974357142857,0.0384227142857143,11.5119898571429,0.819979357142857
651,0.210477642857143,0.0366605714285714,10.103069,0.549435
652,0.198967214285714,0.0335775714285714,12.1163548571429,1.67237878571429
653,0.197177642857143,0.0247084285714286,8.64872442857143,0.245408071428571
654,0.217421928571429,0.0315951428571429,9.99727114285714,1.0016895
655,0.207589714285714,0.0367081428571429,12.5617734285714,1.19477228571429
656,0.225357714285714,0.0399998571428571,11.1226887142857,1.40099078571429
657,0.188965357142857,0.0325892857142857,9.59267157142857,1.43740514285714
658,0.193571785714286,0.0329404285714286,8.204182,0.334080142857143
659,0.168471571428571,0.023143,9.58967228571429,0.464740428571429
660,0.186034071428571,0.0290417142857143,6.95833328571429,0.410997214285714
661,0.206966214285714,0.0409107142857143,10.0600948571429,0.745877714285714
662,0.168509642857143,0.0240594285714286,9.82843214285714,0.340568571428571
663,0.177423571428571,0.0176427142857143,9.38988871428571,0.330745357142857
664,0.171622642857143,0.0243988571428571,9.56105428571429,0.369727857142857
665,0.160702928571429,0.0166251428571429,10.3043367142857,0.0747115714285714
666,0.141259642857143,0.0206071428571429,7.723222,0
667,0.219047285714286,0.0216308571428571,12.392293,0.675785642857143
668,0.164351785714286,0.0182381428571429,8.85609128571429,0.1375
669,0.219463142857143,0.0244058571428571,10.0339131428571,0.149850285714286
670,0.205713642857143,0.0132981428571429,9.93767,0.144787428571429
671,0.178360642857143,0.0232115714285714,8.32005471428571,0.00195207142857143
672,0.225511571428571,0.025387,9.30794685714286,0.0473639285714286
673,0.293147785714286,0.0288152857142857,11.791574,0.493382142857143
674,0.1995065,0.0234105714285714,11.2536565714286,0.3477005
675,0.232060642857143,0.0215237142857143,14.0639842857143,0.8040095
676,0.230612285714286,0.0278392857142857,11.1715601428571,0.271131
677,0.246500428571429,0.0279881428571429,14.8757704285714,0.738198785714286
678,0.198078571428571,0.0208335714285714,14.699652,1.047453
679,0.241983285714286,0.0227798571428571,14.1792748571429,0.728747071428571
680,0.179216785714286,0.0264821428571429,10.812294,0.404935714285714
681,0.2355555,0.0253274285714286,12.1299844285714,0.440540857142857
682,0.259115571428571,0.019992,12.1224257142857,0.814010285714286
683,0.265288214285714,0.0163391428571429,10.5152442857143,0.925619142857143
684,0.310307428571429,0.0173691428571429,13.418723,0.936219
685,0.349320642857143,0.021256,12.563832,1.46766685714286
686,0.201227214285714,0.0201367142857143,7.95244257142857,1.67421621428571
687,0.197937642857143,0.0218214285714286,4.99519485714286,0.361435214285714
688,0.185151642857143,0.0153095714285714,8.41020414285714,0.148669071428571
689,0.357994928571429,0.0192558571428571,17.9086348571429,1.42453607142857
690,0.248643571428571,0.025113,16.1089827142857,0.295386
691,0.283478571428571,0.0238691428571429,15.804847,1.06328564285714
692,0.2193735,0.0210537142857143,9.03186442857143,0.354083571428571
693,0.198629428571429,0.0283094285714286,12.3842377142857,1.31480328571429
694,0.195538285714286,0.029,5.99402171428571,0.2622245
695,0.206235714285714,0.0311191428571429,12.9621522857143,1.97689114285714
696,0.241776,0.0323572857142857,14.9713658571429,1.60779142857143
697,0.215021571428571,0.034125,10.4487707142857,0.480029928571429
698,0.2001995,0.0327915714285714,8.287098,0.757248214285714
699,0.254897428571429,0.0322261428571429,15.4806355714286,0.614500142857143
700,0.206723928571429,0.0286608571428571,8.88362714285714,0.425057357142857
701,0.201326071428571,0.0258811428571429,9.38945557142857,0.412941785714286
702,0.214245857142857,0.0282428571428571,3.644158,0.361365642857143
703,0.216089285714286,0.0287262857142857,8.07571171428571,0.0684691428571429
704,0.187713857142857,0.0283572857142857,6.56793571428571,1.00502857142857
705,0.214481714285714,0.0385358571428571,10.7430427142857,0.102752428571429
706,0.197554785714286,0.0236311428571429,8.41195128571429,0.0333333571428571
707,0.217141857142857,0.0309524285714286,9.30963971428571,0.000297642857142857
708,0.165488285714286,0.018512,8.19493214285714,0.0506691428571429
709,0.165769642857143,0.0231905714285714,8.08540485714286,0.146659642857143
710,0.189498571428571,0.020863,9.132514,0.392409857142857
711,0.147898857142857,0.02075,7.87725728571429,0.278197928571429
712,0.174792071428571,0.0252441428571429,7.04014385714286,0.443261928571429
713,0.168615857142857,0.0251427142857143,7.14306571428571,0.2273015
714,0.162946428571429,0.0198452857142857,6.86559985714286,0.364075
715,0.146083785714286,0.018131,6.62585042857143,0.1364315
716,0.1458215,0.0195834285714286,8.62755114285714,0.20083
717,0.139447357142857,0.0180954285714286,6.60290642857143,0.073117
718,0.157867928571429,0.0169048571428571,7.48974957142857,0.0333277857142857
719,0.146559428571429,0.0187915714285714,5.83428042857143,0.0869306428571429
720,0.210816357142857,0.0274107142857143,10.2686145714286,0.3310135
721,0.213305142857143,0.0190535714285714,10.0988017142857,0.321931428571429
722,0.217022142857143,0.028137,8.08664971428571,0.372399071428571
723,0.156766142857143,0.0192438571428571,5.98456714285714,0.121772285714286
724,0.207350714285714,0.0281607142857143,9.52823085714286,0.2559635
725,0.1758345,0.0186012857142857,8.32190785714286,0.221681857142857
726,0.203114,0.0247378571428571,11.0020948571429,0.5979275
727,0.197386285714286,0.0222144285714286,9.95437957142857,0.406743571428571
728,0.229093285714286,0.0226667142857143,12.9635898571429,1.42991542857143
729,0.188969071428571,0.0249165714285714,11.0129484285714,0.5073905
730,0.17752,0.0257381428571429,7.88230514285714,0.3718105
731,0.181259357142857,0.022363,8.71176571428571,0.2113965
732,0.169376928571429,0.0220238571428571,6.48729128571429,0.185302142857143
733,0.374943,0.0166488571428571,13.2139764285714,3.0298895
734,0.199658071428571,0.0112738571428571,10.0657514285714,1.16856785714286
735,0.178286571428571,0.0178035714285714,9.89931985714286,1.56488442857143
736,0.3489775,0.0168411428571429,18.6014687142857,2.47551207142857
737,0.191582785714286,0.0198631428571429,10.4540971428571,2.787781
738,0.233261,0.0131642857142857,13.0042361428571,2.0369435
739,0.237075071428571,0.022232,12.6969155714286,1.63315778571429
740,0.216578928571429,0.021012,17.428633,2.77441771428571
741,0.234579785714286,0.0234404285714286,14.1930194285714,1.37638271428571
742,0.482916714285714,0.0184522857142857,9.58935514285714,1.04437142857143
743,0.256884428571429,0.0169464285714286,12.1672232857143,1.19991678571429
744,0.245367571428571,0.021375,16.982166,2.60929085714286
745,0.2795135,0.0198214285714286,13.3156587142857,0.736092357142857
746,0.219417785714286,0.025506,10.4194032857143,0.970338428571429
747,0.269614571428571,0.020855,14.6254097142857,1.48529107142857
748,0.226513357142857,0.0306964285714286,10.0933157142857,1.4367495
749,0.257373214285714,0.0324464285714286,11.7567878571429,0.905230642857143
750,0.155841785714286,0.0310832857142857,8.49101742857143,0.398153214285714
751,0.200782,0.0297857142857143,9.69656771428571,0.699580357142857
752,0.183086714285714,0.0289761428571429,7.08882971428571,0.718506
753,0.219034071428571,0.0186845714285714,11.8072742857143,0.528212785714286
754,0.178277285714286,0.0235478571428571,10.5422697142857,1.78860178571429
755,0.171022285714286,0.0393391428571429,8.51600185714286,0.508627142857143
756,0.181413714285714,0.0262024285714286,10.2097092857143,2.17014571428571
757,0.218629857142857,0.0417975714285714,10.4950602857143,0.566675857142857
758,0.173327857142857,0.0231131428571429,8.50671771428572,0.201867071428571
759,0.153762,0.0202201428571429,6.15463814285714,0.0815585714285714
760,0.148004642857143,0.0223512857142857,7.36420828571429,0.159614428571429
761,0.170714214285714,0.022375,9.045323,0.507762071428571
762,0.147565,0.0170298571428571,6.64086271428571,0.4223215
763,0.135806714285714,0.019744,4.91125542857143,0.216895928571429
764,0.184734785714286,0.0256428571428571,9.36091514285714,0.401441857142857
765,0.171031642857143,0.0250477142857143,8.00855742857143,0.311899142857143
766,0.198974857142857,0.0256904285714286,8.510266,3.05282914285714
767,0.1746775,0.0287202857142857,5.503038,0.422526642857143
768,0.289618642857143,0.0264461428571429,9.49947285714286,0.967272928571429
769,0.303578714285714,0.0190774285714286,6.86802714285714,1.31383285714286
770,0.263864428571429,0.0213511428571429,6.89428728571429,1.17002735714286
771,0.326147857142857,0.0275478571428571,8.53753114285714,1.75942028571429
772,0.2948385,0.0162678571428571,9.22633742857143,1.67048771428571
773,0.3733075,0.0200712857142857,13.1733457142857,1.80081157142857
774,0.376153285714286,0.0249761428571429,13.90562,1.93985871428571
775,0.3954175,0.0275417142857143,10.6917438571429,0.9615535
776,0.431928071428571,0.0279464285714286,14.4666397142857,1.85434407142857
777,0.459959785714286,0.0231725714285714,12.579932,1.47540121428571
778,0.491368142857143,0.0206487142857143,10.724258,1.1853095
779,0.502546857142857,0.024506,14.0660945714286,1.29994635714286
780,0.50879,0.0224941428571429,11.4330241428571,1.75783421428571
781,0.432967357142857,0.0148037142857143,11.957498,0.932486642857143
782,0.346738928571429,0.0147997142857143,15.7204081428571,1.892565
783,0.294398642857143,0.0177381428571429,11.0165897142857,1.60344642857143
784,0.158675285714286,0.0157855714285714,8.86678271428571,1.74606814285714
785,0.1964785,0.0105627142857143,6.34673014285714,3.11934521428571
786,0.219787,0.0191842857142857,11.153548,2.87110828571429
787,0.309110357142857,0.0146667142857143,11.116141,2.5202695
788,0.278802071428571,0.0236904285714286,14.1964441428571,1.34996307142857
789,0.233577214285714,0.0250772857142857,12.7963254285714,1.4049375
790,0.277473714285714,0.0193035714285714,13.1986315714286,1.93661085714286
791,0.248499714285714,0.0288334285714286,13.946243,2.2528135
792,0.228203071428571,0.027137,12.3275277142857,1.61103771428571
793,0.197757285714286,0.0252441428571429,7.32254185714286,0.792971785714286
794,0.221800428571429,0.0212737142857143,8.97962328571429,0.818079
795,0.236919,0.0203274285714286,10.1937075714286,1.21867785714286
796,0.211109857142857,0.0206725714285714,13.0158548571429,0.935749428571429
797,0.211586928571429,0.0270058571428571,9.26079928571429,1.13089614285714
798,0.207279071428571,0.0293094285714286,8.53171757142857,0.880750785714286
799,0.192068785714286,0.0180892857142857,8.86761742857143,0.462708928571429
800,0.208069428571429,0.0204048571428571,11.1776207142857,0.467240785714286
801,0.217294928571429,0.0287381428571429,9.74760371428571,0.459827071428571
802,0.212684285714286,0.0342917142857143,9.68841214285714,1.29974857142857
803,0.187161571428571,0.0341607142857143,8.66791128571429,0.937013785714286
804,0.1893545,0.019387,7.51315714285714,0.448916785714286
805,0.196553785714286,0.019125,7.34326671428571,0.721432285714286
806,0.1776585,0.0273332857142857,7.706127,0.802050071428571
807,0.224199214285714,0.0278988571428571,8.07134342857143,1.05226435714286
808,0.220357642857143,0.0196012857142857,10.2324751428571,2.75388392857143
809,0.121884571428571,0.0110597142857143,5.44458114285714,1.07875071428571
810,0.170915142857143,0.0158451428571429,9.872449,1.21320985714286
811,0.161202071428571,0.0109405714285714,8.133573,0.2640565
812,0.156705642857143,0.0151311428571429,7.90279828571429,1.31495121428571
813,0.0953224285714286,0.0171012857142857,5.13723714285714,0.734363
814,0.124237428571429,0.018613,5.44235471428571,0.281706428571429
815,0.201190285714286,0.0289702857142857,11.2177022857143,1.3970755
816,0.152402357142857,0.0218274285714286,6.21524328571429,0.724985285714286
817,0.212760428571429,0.0267142857142857,9.21247657142857,0.972866785714286
818,0.1740905,0.016131,8.10955485714286,1.48287492857143
819,0.227448785714286,0.0367469285714286,10.0213781428571,0.669107714285714
820,0.230748357142857,0.0250803571428571,8.80005642857143,1.11442071428571
821,0.257646142857143,0.0251844285714286,9.73522335714286,1.74684628571429
822,0.299842321428571,0.031732,9.17607064285714,4.02887642857143
823,0.33293975,0.0290594285714286,7.25776914285714,1.12577457142857
824,0.31526225,0.0246965714285714,9.76563628571428,1.16575535714286
825,0.3804875,0.0335983571428571,12.9819302857143,0.979789571428571
826,0.271647535714286,0.0376311428571429,13.7521684285714,1.13614785714286
827,0.161493571428571,0.026116,5.205647,0.137655285714286
828,0.192054035714286,0.0253957142857143,7.83237857142857,0.337302142857143
829,0.208247535714286,0.0180980714285714,7.92245678571429,0.6575755
830,0.2140235,0.0276010714285714,7.99584878571429,0.473108857142857
831,0.287979571428571,0.0243006428571429,10.4664525714286,0.800177428571429
832,0.217832,0.0266695714285714,7.18991964285714,0.174122
833,0.260455928571429,0.0198422142857143,10.7672418571429,0.724772642857143
834,0.293749035714286,0.0243482142857143,12.2857865,0.614843928571429
835,0.256707571428571,0.0194655,12.1963049285714,0.620975071428571
836,0.191821392857143,0.0190625714285714,5.63265207142857,0.0354000714285714
837,0.185688,0.0222635714285714,9.21978585714286,0.647264071428571
838,0.24921575,0.0225417857142857,11.4831904285714,0.781466214285714
839,0.274429464285714,0.0236221428571429,16.1146760714286,1.49914592857143
840,0.220254392857143,0.0237290714285714,12.0559157857143,0.804708357142857
841,0.210626714285714,0.0248302857142857,15.2696505714286,0.743883214285714
842,0.272412892857143,0.0273215714285714,15.7859887857143,1.71507307142857
843,0.252698785714286,0.0276547857142857,23.3416146428571,1.32225671428571
844,0.32175075,0.0203899285714286,15.4649793571429,1.46626364285714
845,0.256026464285714,0.0273214285714286,12.6820887857143,1.64987071428571
846,0.217461357142857,0.0290415714285714,9.14813535714286,1.37382328571429
847,0.208528214285714,0.0237322142857143,9.37455521428571,0.345010928571429
848,0.209414571428571,0.0310058571428571,14.6072703571429,0.868515285714286
849,0.20168925,0.0254790714285714,8.83645242857143,0.662459285714286
850,0.222923321428571,0.0335773571428571,14.3599760714286,1.13638528571429
851,0.209179535714286,0.0307053571428571,7.3504755,1.82445107142857
852,0.206731321428571,0.0315625,10.0468963571429,0.830097928571429
